Provinsi,Kab/Kota,latitude,longitude
BANTEN,KOTA CILEGON,-5.99890225249943,106.0184895583685
BANTEN,KOTA SERANG,-6.123329971489561,106.16675011658796
BANTEN,KOTA TANGERANG,-6.184374533491158,106.65199465790984
BANTEN,KOTA TANGERANG SELATAN,-6.302123570429463,106.7073856686419
BANTEN,LEBAK,-6.642105504523179,106.2124224324558
BANTEN,PANDEGLANG,-6.590328399897697,105.74291693799972
BANTEN,SERANG,-6.141766994569981,106.1460776375536
BANTEN,TANGERANG,-6.174491179381579,106.5189283788098
DI YOGYAKARTA,BANTUL,-7.901344799616768,110.35488006215415
DI YOGYAKARTA,GUNUNG KIDUL,-7.993948784309952,110.61179879402954
DI YOGYAKARTA,KOTA YOGYAKARTA,-7.803298442456689,110.37435813117193
DI YOGYAKARTA,KULON PROGO,-7.818736917629182,110.1671126699369
DI YOGYAKARTA,SLEMAN,-7.7164782963524985,110.38321196172524
DKI JAKARTA,KEPULAUAN SERIBU,-5.70045137705527,106.57897115412605
DKI JAKARTA,KOTA JAKARTA BARAT,-6.165226636178484,106.74820786264836
DKI JAKARTA,KOTA JAKARTA PUSAT,-6.181257995691344,106.83478448844848
DKI JAKARTA,KOTA JAKARTA SELATAN,-6.272527991244007,106.80995706955127
DKI JAKARTA,KOTA JAKARTA TIMUR,-6.254802238910388,106.90063031825775
DKI JAKARTA,KOTA JAKARTA UTARA,-6.127191590210693,106.86654590109065
JAWA BARAT,BANDUNG,-7.097622047287634,107.60871481954858
JAWA BARAT,BANDUNG BARAT,-6.890473577089236,107.41497037817317
JAWA BARAT,BEKASI,-6.219794251806843,107.12171641801038
JAWA BARAT,BOGOR,-6.55983232815243,106.76705093966673
JAWA BARAT,CIAMIS,-7.290308849944385,108.4286702195938
JAWA BARAT,CIANJUR,-7.131087584083695,107.15920943748978
JAWA BARAT,CIREBON,-6.7462612812752525,108.55217922702747
JAWA BARAT,GARUT,-7.359562537891762,107.78790783569306
JAWA BARAT,INDRAMAYU,-6.447514365372873,108.16902462075683
JAWA BARAT,KARAWANG,-6.252353489153732,107.35429605025818
JAWA BARAT,KOTA BANDUNG,-6.919243848670472,107.63660129164965
JAWA BARAT,KOTA BANJAR,-7.3769902616322875,108.56720422020868
JAWA BARAT,KOTA BEKASI,-6.2808412065072705,106.97536482879576
JAWA BARAT,KOTA BOGOR,-6.593494349656441,106.79935742822698
JAWA BARAT,KOTA CIMAHI,-6.886320669219558,107.5428958971862
JAWA BARAT,KOTA CIREBON,-6.741720428720865,108.55330544119158
JAWA BARAT,KOTA DEPOK,-6.39620664660233,106.81683699755683
JAWA BARAT,KOTA SUKABUMI,-6.939940221347112,106.92435672249908
JAWA BARAT,KOTA TASIKMALAYA,-7.360532543082255,108.21912419997489
JAWA BARAT,KUNINGAN,-7.003404888412825,108.5598185253343
JAWA BARAT,MAJALENGKA,-6.815146796097807,108.257202952717
JAWA BARAT,PANGANDARAN,-7.635665477849803,108.5185828514322
JAWA BARAT,PURWAKARTA,-6.595278211232852,107.43077631252655
JAWA BARAT,SUBANG,-6.484718768394913,107.73182889627351
JAWA BARAT,SUKABUMI,-7.076433858435366,106.70756024950302
JAWA BARAT,SUMEDANG,-6.8247794014676835,107.98127564181834
JAWA BARAT,TASIKMALAYA,-7.496844150033674,108.14157174879253
JAWA TENGAH,BANJARNEGARA,-7.351360606613551,109.65703624621355
JAWA TENGAH,BANYUMAS,-7.455537569212916,109.17579816454581
JAWA TENGAH,BATANG,-7.021021538268143,109.86159432757827
JAWA TENGAH,BLORA,-7.074486341362423,111.38743859786935
JAWA TENGAH,BOYOLALI,-7.416567276005462,110.65248476263783
JAWA TENGAH,BREBES,-7.062844673950303,108.92953056319085
JAWA TENGAH,CILACAP,-7.489024790342701,108.88988880586629
JAWA TENGAH,DEMAK,-6.910803353435083,110.6339996536083
JAWA TENGAH,GROBOGAN,-7.11765727369022,110.9271797413308
JAWA TENGAH,JEPARA,-6.549103977628725,110.76814383707374
JAWA TENGAH,KARANGANYAR,-7.61415864893524,111.01924939217108
JAWA TENGAH,KEBUMEN,-7.654989384786925,109.61735609823192
JAWA TENGAH,KENDAL,-7.0387187805090825,110.15733776798037
JAWA TENGAH,KLATEN,-7.685830745365867,110.61945331068391
JAWA TENGAH,KOTA MAGELANG,-7.476555709258601,110.2201113585226
JAWA TENGAH,KOTA PEKALONGAN,-6.893409948156509,109.67715498930086
JAWA TENGAH,KOTA SALATIGA,-7.337679705710437,110.49837395593003
JAWA TENGAH,KOTA SEMARANG,-7.02390449943674,110.3915219686759
JAWA TENGAH,KOTA SURAKARTA,-7.557894806643449,110.82314485204168
JAWA TENGAH,KOTA TEGAL,-6.8691751518962665,109.11574700047042
JAWA TENGAH,KUDUS,-6.790279547425912,110.8699051620288
JAWA TENGAH,MAGELANG,-7.501759048520372,110.24721175005136
JAWA TENGAH,PATI,-6.743389875519347,111.0422832565795
JAWA TENGAH,PEKALONGAN,-7.057032028159371,109.62050186354834
JAWA TENGAH,PEMALANG,-7.036848556900133,109.39515996856609
JAWA TENGAH,PURBALINGGA,-7.323247798908376,109.40720551626626
JAWA TENGAH,PURWOREJO,-7.700407918487417,109.96612653973921
JAWA TENGAH,REMBANG,-6.775146217980383,111.461518939186
JAWA TENGAH,SEMARANG,-7.270928486004705,110.47351532957184
JAWA TENGAH,SRAGEN,-7.385353425643399,110.97414524104381
JAWA TENGAH,SUKOHARJO,-7.680860488159757,110.83483711038875
JAWA TENGAH,TEGAL,-7.0288053320968915,109.15850766251681
JAWA TENGAH,TEMANGGUNG,-7.257714832923476,110.13630652023235
JAWA TENGAH,WONOGIRI,-7.919329565759291,110.99919480766312
JAWA TENGAH,WONOSOBO,-7.4163335532160115,109.90735180498817
JAWA TIMUR,BANGKALAN,-7.0443575083191625,112.9295323781519
JAWA TIMUR,BANYUWANGI,-8.364828051065416,114.20590064728977
JAWA TIMUR,BLITAR,-8.131053741101047,112.23721591640728
JAWA TIMUR,BOJONEGORO,-7.255608194512492,111.80986719525585
JAWA TIMUR,BONDOWOSO,-7.943712785042586,113.94770725091931
JAWA TIMUR,GRESIK,-6.927041213327741,112.55860428200316
JAWA TIMUR,JEMBER,-8.235203896502664,113.65595071113712
JAWA TIMUR,JOMBANG,-7.544678451644581,112.26409573611402
JAWA TIMUR,KEDIRI,-7.8287216582084564,112.08921660547334
JAWA TIMUR,KOTA BATU,-7.834684964626428,112.53375478015384
JAWA TIMUR,KOTA BLITAR,-8.094767817197894,112.16697095993021
JAWA TIMUR,KOTA KEDIRI,-7.826371927685874,112.01612442246851
JAWA TIMUR,KOTA MADIUN,-7.629455300124163,111.52726704099314
JAWA TIMUR,KOTA MALANG,-7.978304430833701,112.6359074690354
JAWA TIMUR,KOTA MOJOKERTO,-7.471389594957779,112.43750775182501
JAWA TIMUR,KOTA PASURUAN,-7.64957319825595,112.9100045191957
JAWA TIMUR,KOTA PROBOLINGGO,-7.773812124642855,113.20546891018134
JAWA TIMUR,KOTA SURABAYA,-7.274328016118136,112.72358572451263
JAWA TIMUR,LAMONGAN,-7.131469464275682,112.30073550107906
JAWA TIMUR,LUMAJANG,-8.125480997231348,113.13848937381668
JAWA TIMUR,MADIUN,-7.623649069627096,111.64585034960581
JAWA TIMUR,MAGETAN,-7.6633952923628,111.35743078511908
JAWA TIMUR,MALANG,-8.126035414015297,112.6409269189061
JAWA TIMUR,MOJOKERTO,-7.550736022813227,112.48444691474046
JAWA TIMUR,NGANJUK,-7.597532620517015,111.93853422910777
JAWA TIMUR,NGAWI,-7.438844736363366,111.3434149698659
JAWA TIMUR,PACITAN,-8.124979524710609,111.17808125572927
JAWA TIMUR,PAMEKASAN,-7.065251890111297,113.50404178682817
JAWA TIMUR,PASURUAN,-7.742461231279714,112.83185168142178
JAWA TIMUR,PONOROGO,-7.931362523095897,111.49952328142574
JAWA TIMUR,PROBOLINGGO,-7.8664311120226795,113.32023176922579
JAWA TIMUR,SAMPANG,-7.052056582692388,113.25633666179725
JAWA TIMUR,SIDOARJO,-7.451484500453831,112.70030484151994
JAWA TIMUR,SITUBONDO,-7.801458845591047,114.05137528882392
JAWA TIMUR,SUMENEP,-6.966473227747742,114.40311118081027
JAWA TIMUR,TRENGGALEK,-8.160699900481177,111.62731046671864
JAWA TIMUR,TUBAN,-6.953438095227889,111.89225098243227
JAWA TIMUR,TULUNGAGUNG,-8.11351689057314,111.88772958527363
